{
  "view/Main.view.xml": 1698244014264,
  "model/models.js": 1658410788875,
  "utils/locate-reuse-libs.js": 1658410788871,
  "manifest.json": 1698244081173,
  "controller/Main.controller.js": 1669811393458,
  "controller/App.controller.js": 1658410788879,
  "Component.js": 1658924797032,
  "manifest-bundle.zip": 1698244081202,
  "Component-preload.js": 1698244081784,
  "Component-dbg.js": 1658924797032,
  "model/models-dbg.js": 1658410788875,
  "controller/Main-dbg.controller.js": 1669811393458,
  "controller/App-dbg.controller.js": 1658410788879,
  "utils/locate-reuse-libs-dbg.js": 1658410788871,
  "i18n/i18n.properties": 1658410869799,
  "view/App.view.xml": 1658410788883,
  "images/brakes.gif": 1669808492745,
  "css/style.css": 1669811231613,
  "fragments/message.fragment.xml": 1659449232706,
  "fragments/loader.fragment.xml": 1658835529050,
  "index.html": 1658410788867
}